statistic,value
count,410.0
mean,523.3991780487805
std,382.5552440811269
min,100.55099999999999
25%,224.88025
50%,393.852
75%,746.9727499999999
max,2399.237
