statistic,value
count,410.0
mean,11.517073170731708
std,7.26184732836968
min,3.0
25%,6.0
50%,10.0
75%,15.0
max,46.0
