statistic,n_paths_used
count,133.0
mean,3.082706766917293
std,3.062592268942635
min,1.0
25%,1.0
50%,2.0
75%,3.0
max,19.0
